State,Mean_Velocity
SOFT BURST,41.922706604003906
SCAN BURST,41.34033203125
SOCIAL PLAY,41.032901763916016
INTENSE BURST,41.020389556884766
SOFT BURST (1),40.89482498168945
BASELINE,40.47521209716797
DEEP REST,39.441162109375
BASELINE (1),37.60043716430664
