,WHISTLE,BURST,CLICK_TRAIN
WHISTLE,0.3612518293369357,0.5177304964539007,0.12101767420916357
BURST,0.43047638436482083,0.36706026058631924,0.20246335504885993
CLICK_TRAIN,0.42516906792119963,0.47574242869744193,0.09908850338135843
