,DEEP REST,SOFT BURST,INTENSE BURST,BASELINE,SOCIAL PLAY,SOFT BURST (1),BASELINE (1),SCAN BURST
DEEP REST,0.4622194119506797,0.008881096772339264,0.005317161498002472,0.11551174086741586,0.029115051878251374,0.04684850400942718,0.022360819705113097,0.309746213318771
SOFT BURST,0.16317228805834094,0.6066241264053479,0.02035855363111516,0.13108477666362808,0.006988757216651474,0.04740200546946217,0.013126709206927985,0.011242783348526283
INTENSE BURST,0.031893135625719035,0.1255272913204653,0.7472836507733606,0.0030039626741659212,0.01987728492905535,0.010993225105458264,0.05860922919596063,0.0028122203758149046
BASELINE,0.0442317341464356,0.009880736423636575,0.0006561426531321163,0.5759774595700335,0.0008105291597514377,0.1742637693465591,0.022501833339766103,0.17167779536068548
SOCIAL PLAY,0.07376261412782316,0.01311869293608842,0.07184046131667468,0.0012493993272465161,0.6198462277751081,0.03680922633349351,0.1565112926477655,0.026862085535800096
SOFT BURST (1),0.05668324071365897,0.04126937701082188,0.037496343960222285,0.038256800233986546,0.06335185726820708,0.48256800233986547,0.23424978063761334,0.046124597835624455
BASELINE (1),0.2985690307530369,0.06253022673608148,0.011720861426417456,0.08258655514779095,0.00972945293163779,0.03567466074933857,0.48900458023953797,0.010184632016158858
SCAN BURST,0.012339039765767381,0.0018523497953452242,0.00681186698933405,0.015715096650832063,0.11783334827163813,0.2561620507304831,0.12554151354904244,0.4637447342475576
